{"cameraMode":{"drawMode":0,"name":"Shaded","section":"Shading Mode"},"sceneLighting":false,"audioPlay":false,"sceneViewState":{"showFog":true,"showMaterialUpdate":false,"showSkybox":true,"showFlares":true,"showImageEffects":true,"showParticleSystems":true},"in2DMode":false,"pivot":{"x":-18.238853454589845,"y":-1.0557913780212403,"z":6.124635696411133},"rotation":{"x":-0.08401910960674286,"y":0.30479979515075686,"z":-0.027139242738485338,"w":-0.9483150243759155},"size":11.407795906066895,"orthographic":false}