{"cameraMode":{"drawMode":0,"name":"Shaded","section":"Shading Mode"},"sceneLighting":false,"audioPlay":false,"sceneViewState":{"showFog":true,"showMaterialUpdate":false,"showSkybox":true,"showFlares":true,"showImageEffects":true,"showParticleSystems":true},"in2DMode":false,"pivot":{"x":-0.04896299168467522,"y":0.1400391012430191,"z":0.033397793769836429},"rotation":{"x":-0.01831263303756714,"y":0.01259313989430666,"z":-0.00023145363957155496,"w":-0.9997529983520508},"size":1.5294349193572999,"orthographic":false}