{"cameraMode":{"drawMode":0,"name":"Shaded","section":"Shading Mode"},"sceneLighting":false,"audioPlay":false,"sceneViewState":{"showFog":true,"showMaterialUpdate":false,"showSkybox":true,"showFlares":true,"showImageEffects":true,"showParticleSystems":true},"in2DMode":false,"pivot":{"x":-1.9118362665176392,"y":-3.320957660675049,"z":3.5426273345947267},"rotation":{"x":-0.07044040411710739,"y":-0.09353115409612656,"z":0.006634082645177841,"w":-0.9930992126464844},"size":8.800524711608887,"orthographic":false}