{"cameraMode":{"drawMode":0,"name":"Shaded","section":"Shading Mode"},"sceneLighting":false,"audioPlay":false,"sceneViewState":{"showFog":true,"showMaterialUpdate":false,"showSkybox":true,"showFlares":true,"showImageEffects":true,"showParticleSystems":true},"in2DMode":false,"pivot":{"x":-1.8766846656799317,"y":1.6834008693695069,"z":4.716277122497559},"rotation":{"x":-0.01831263303756714,"y":0.01259313989430666,"z":-0.00023145363957155496,"w":-0.9997529983520508},"size":12.981703758239746,"orthographic":false}