{"cameraMode":{"drawMode":0,"name":"Shaded","section":"Shading Mode"},"sceneLighting":false,"audioPlay":false,"sceneViewState":{"showFog":true,"showMaterialUpdate":false,"showSkybox":true,"showFlares":true,"showImageEffects":true,"showParticleSystems":true},"in2DMode":false,"pivot":{"x":0.1782006472349167,"y":-0.8061096668243408,"z":-0.6868094801902771},"rotation":{"x":-0.44744640588760378,"y":0.5525286197662354,"z":-0.4937889277935028,"w":-0.5006760358810425},"size":1.9232823848724366,"orthographic":false}