{"cameraMode":{"drawMode":0,"name":"Shaded","section":"Shading Mode"},"sceneLighting":false,"audioPlay":false,"sceneViewState":{"showFog":true,"showMaterialUpdate":false,"showSkybox":true,"showFlares":true,"showImageEffects":true,"showParticleSystems":true},"in2DMode":false,"pivot":{"x":-0.34177348017692568,"y":-0.0829499363899231,"z":1.4573543071746827},"rotation":{"x":0.06327050179243088,"y":-0.011070139706134797,"z":0.0007029637927189469,"w":0.9979347586631775},"size":4.713710784912109,"orthographic":false}