{"cameraMode":{"drawMode":0,"name":"Shaded","section":"Shading Mode"},"sceneLighting":false,"audioPlay":false,"sceneViewState":{"showFog":true,"showMaterialUpdate":false,"showSkybox":true,"showFlares":true,"showImageEffects":true,"showParticleSystems":true},"in2DMode":false,"pivot":{"x":-1.1118857860565186,"y":-3.2896041870117189,"z":-0.579033374786377},"rotation":{"x":-0.07044040411710739,"y":-0.09353115409612656,"z":0.006634082645177841,"w":-0.9930992126464844},"size":11.783357620239258,"orthographic":false}