{"cameraMode":{"drawMode":0,"name":"Shaded","section":"Shading Mode"},"sceneLighting":false,"audioPlay":false,"sceneViewState":{"showFog":true,"showMaterialUpdate":false,"showSkybox":true,"showFlares":true,"showImageEffects":true,"showParticleSystems":true},"in2DMode":false,"pivot":{"x":0.014101710170507431,"y":-1.792701244354248,"z":0.3100031018257141},"rotation":{"x":-0.6179869174957275,"y":0.01461411826312542,"z":-0.011492181569337845,"w":-0.7859686017036438},"size":4.103976726531982,"orthographic":false}