{"cameraMode":{"drawMode":0,"name":"Shaded","section":"Shading Mode"},"sceneLighting":false,"audioPlay":false,"sceneViewState":{"showFog":true,"showMaterialUpdate":false,"showSkybox":true,"showFlares":true,"showImageEffects":true,"showParticleSystems":true},"in2DMode":false,"pivot":{"x":-7.25045108795166,"y":-0.27851808071136477,"z":0.34953272342681887},"rotation":{"x":-0.0536375418305397,"y":0.027863556519150735,"z":0.0014984915032982827,"w":0.9981705546379089},"size":2.188070058822632,"orthographic":false}